"Date","Date_UTC","PoolName","Algorithm","Currency","Rate","Profit","ProfitApi","Cost","Power","Penalty","Duration","Donation"
"12/22/2021 15:23:08","12/22/2021 09:53:08","MiningPoolHub","Ethash","BTC","48956.2","0.8213","0.9333","0","0.019","12","0.505","0"
"12/22/2021 15:24:13","12/22/2021 09:54:13","MiningPoolHub","Ethash","BTC","48961.9","1.7419","1.9795","0","0.04","12","1.07","0"
"12/22/2021 15:27:25","12/22/2021 09:57:25","ZpoolCoins","HMQ1725","BTC","48934.48","334.0281","397.6525","0","0.022","16","0.466","0"
"12/22/2021 15:28:29","12/22/2021 09:58:29","MiningPoolHub","Ethash","BTC","48934.48","0.7923","0.9003","0","0.018","12","0.486","0"
"12/22/2021 15:29:32","12/22/2021 09:59:32","MiningPoolHub","Ethash","BTC","48934.48","1.7349","1.9715","0","0.04","12","1.063","0"
"12/22/2021 15:30:37","12/22/2021 10:00:37","MiningPoolHub","Ethash","BTC","48864.78","1.7661","2.0069","0","0.057","12","1.073","0"
"12/22/2021 15:31:41","12/22/2021 10:01:41","MiningPoolHub","Ethash","BTC","48876.94","1.7527","1.9917","0","0.059","12","1.068","0"
"12/22/2021 15:32:45","12/22/2021 10:02:45","ZergPoolCoins","HeavyHash","BTC","48934.68","1.0019","1.1385","0","0.025","12","0.416","0"
"12/22/2021 15:33:49","12/22/2021 10:03:49","ZergPoolCoins","HeavyHash","BTC","48948.91","2.6734","3.038","0","0.058","12","1.06","0"
"12/22/2021 15:34:54","12/22/2021 10:04:54","ZergPoolCoins","HeavyHash","BTC","48902.86","2.6428","3.0032","0","0.059","12","1.078","0"
"12/22/2021 15:35:57","12/22/2021 10:05:57","ZergPoolCoins","HeavyHash","BTC","48880.19","2.5967","2.9508","0","0.058","12","1.063","0"
"12/22/2021 15:37:01","12/22/2021 10:07:01","ZergPoolCoins","HeavyHash","BTC","48947.61","2.5999","2.9544","0","0.058","12","1.058","0"
"12/22/2021 15:38:05","12/22/2021 10:08:05","ZergPoolCoins","HeavyHash","BTC","48964.34","2.6319","2.9908","0","0.059","12","1.063","0"
"12/22/2021 15:39:11","12/22/2021 10:09:11","ZergPoolCoins","HeavyHash","BTC","48964.34","2.7479","3.1226","0","0.061","12","1.103","0"
"12/22/2021 15:40:19","12/22/2021 10:10:19","ZergPoolCoins","HeavyHash","BTC","49035.16","2.8313","3.2174","0","0.063","12","1.129","0"
"12/22/2021 15:41:31","12/22/2021 10:11:31","ZergPoolCoins","HeavyHash","BTC","49035.16","3.0404","3.455","0","0.067","12","1.204","0"
"12/22/2021 15:43:43","12/22/2021 10:13:43","MiningPoolHub","Ethash","BTC","49029.31","0.7925","0.9006","0","0.028","12","0.483","0"
"12/22/2021 15:44:46","12/22/2021 10:14:46","MiningPoolHub","Ethash","BTC","49052.44","1.7408","1.9782","0","0.061","12","1.06","0"
"12/22/2021 15:45:50","12/22/2021 10:15:50","MiningPoolHub","Ethash","BTC","49093.26","1.7473","1.9856","0","0.06","12","1.067","0"
"12/22/2021 15:46:54","12/22/2021 10:16:54","ZpoolCoins","HMQ1725","BTC","49101.9","340.5338","405.3974","0","0.026","16","0.47","0"
"12/22/2021 15:47:57","12/22/2021 10:17:57","ZpoolCoins","HMQ1725","BTC","49109.54","756.2649","900.3154","0","0.059","16","1.059","0"
"12/22/2021 15:49:01","12/22/2021 10:19:01","ZpoolCoins","HMQ1725","BTC","49071.96","732.9529","872.563","0","0.059","16","1.057","0"
"12/22/2021 15:50:05","12/22/2021 10:20:05","ZpoolCoins","HMQ1725","BTC","49069.48","730.6957","869.8758","0","0.06","16","1.064","0"
"12/22/2021 15:51:09","12/22/2021 10:21:09","MiningPoolHub","Ethash","BTC","49069.48","0.7584","0.8618","0","0.026","12","0.465","0"
"12/22/2021 15:52:13","12/22/2021 10:22:13","MiningPoolHub","Ethash","BTC","49090.56","1.7459","1.984","0","0.06","12","1.07","0"
"12/22/2021 15:53:17","12/22/2021 10:23:17","ZpoolCoins","HMQ1725","BTC","49090.56","332.4866","395.8173","0","0.027","16","0.486","0"
"12/22/2021 15:54:21","12/22/2021 10:24:21","ZpoolCoins","HMQ1725","BTC","49090.56","732.1541","871.612","0","0.055","16","1.065","0"
"12/22/2021 15:55:25","12/22/2021 10:25:25","MiningPoolHub","Ethash","BTC","49046.72","0.8441","0.9592","0","0.029","12","0.516","0"
"12/22/2021 15:56:29","12/22/2021 10:26:29","MiningPoolHub","Ethash","BTC","49046.72","1.7457","1.9838","0","0.06","12","1.067","0"
"12/22/2021 15:58:36","12/22/2021 10:28:36","MiningPoolHub","Ethash","BTC","49046.72","0.8242","0.9366","0","0.028","12","0.503","0"
"12/22/2021 15:59:40","12/22/2021 10:29:40","MiningPoolHub","Ethash","BTC","49079.32","1.7407","1.9781","0","0.06","12","1.061","0"
"12/22/2021 16:00:44","12/22/2021 10:30:44","MiningPoolHub","Ethash","BTC","49062.36","1.7362","1.9729","0","0.06","12","1.059","0"
"12/22/2021 16:01:48","12/22/2021 10:31:48","MiningPoolHub","Ethash","BTC","49073.48","1.7605","2.0006","0","0.061","12","1.075","0"
"12/22/2021 16:02:53","12/22/2021 10:32:53","MiningPoolHub","Ethash","BTC","49060.3","1.7648","2.0055","0","0.062","12","1.077","0"
"12/22/2021 16:03:57","12/22/2021 10:33:57","MiningPoolHub","Ethash","BTC","49060.3","1.7612","2.0014","0","0.062","12","1.075","0"
"12/22/2021 16:05:05","12/22/2021 10:35:05","MiningPoolHub","Ethash","BTC","49008.28","1.8409","2.0919","0","0.065","12","1.123","0"
"12/22/2021 16:06:11","12/22/2021 10:36:11","MiningPoolHub","Ethash","BTC","48966.98","1.8232","2.0718","0","0.065","12","1.113","0"
"12/22/2021 16:07:19","12/22/2021 10:37:19","MiningPoolHub","Ethash","BTC","48966.98","1.8358","2.0861","0","0.065","12","1.121","0"
"12/22/2021 16:08:24","12/22/2021 10:38:24","MiningPoolHub","Ethash","BTC","48964.72","1.7784","2.0209","0","0.064","12","1.087","0"
"12/22/2021 16:09:35","12/22/2021 10:39:35","MiningPoolHub","Ethash","BTC","48993.44","1.9283","2.1913","0","0.069","12","1.18","0"
"12/22/2021 16:11:43","12/22/2021 10:41:43","MiningPoolHub","Ethash","BTC","48966.96","0.8145","0.9255","0","0.029","12","0.499","0"
"12/22/2021 16:12:46","12/22/2021 10:42:46","ZpoolCoins","HMQ1725","BTC","49036.2","344.5516","410.1805","0","0.027","16","0.5","0"
"12/22/2021 16:13:51","12/22/2021 10:43:51","ZpoolCoins","HMQ1725","BTC","49038.24","743.4142","885.0169","0","0.055","16","1.075","0"
"12/22/2021 16:14:55","12/22/2021 10:44:55","ZpoolCoins","HMQ1725","BTC","49065.52","737.2088","877.6295","0","0.056","16","1.069","0"
"12/22/2021 16:15:59","12/22/2021 10:45:59","ZpoolCoins","HMQ1725","BTC","49065.52","733.5526","873.2769","0","0.056","16","1.068","0"
"12/22/2021 16:17:03","12/22/2021 10:47:03","MiningPoolHub","Ethash","BTC","49061.58","0.7949","0.9033","0","0.029","12","0.487","0"
"12/22/2021 16:18:07","12/22/2021 10:48:07","MiningPoolHub","Ethash","BTC","49043.58","1.7459","1.984","0","0.063","12","1.07","0"
"12/22/2021 16:19:11","12/22/2021 10:49:11","ZpoolCoins","HMQ1725","BTC","49031.14","320.4855","381.5304","0","0.025","16","0.469","0"
"12/22/2021 16:20:16","12/22/2021 10:50:16","ZpoolCoins","HMQ1725","BTC","49053.27","739.6279","880.5094","0","0.057","16","1.081","0"
"12/22/2021 16:21:29","12/22/2021 10:51:29","ZpoolCoins","X17","BTC","49092.22","1.3709","1.632","0","0.027","16","0.489","0"
"12/22/2021 16:22:33","12/22/2021 10:52:33","ZpoolCoins","X17","BTC","49085.12","2.9021","3.4549","0","0.069","16","1.065","0"
"12/22/2021 16:23:37","12/22/2021 10:53:37","ZpoolCoins","X17","BTC","49085.16","2.271","2.7036","0","0.063","16","1.064","0"
"12/22/2021 16:24:41","12/22/2021 10:54:41","ZpoolCoins","X17","BTC","49085.16","1.8926","2.2532","0","0.062","16","1.065","0"
"12/22/2021 16:25:46","12/22/2021 10:55:46","2Miners","Ethash","ETH","49141.56","0.7734","0.7734","0","0.026","0","0.449","0"
"12/22/2021 16:26:49","12/22/2021 10:56:49","2Miners","Ethash","ETH","49141.56","1.8237","1.8237","0","0.062","0","1.058","0"
"12/22/2021 16:27:53","12/22/2021 10:57:53","2Miners","Ethash","ETH","49127.96","1.842","1.842","0","0.063","0","1.066","0"
"12/22/2021 16:29:53","12/22/2021 10:59:53","MiningPoolHub","Ethash","BTC","49157.52","0.8005","0.9097","0","0.031","12","0.501","0"
"12/22/2021 16:30:58","12/22/2021 11:00:58","MiningPoolHub","Ethash","BTC","49149.09","1.7174","1.9516","0","0.066","12","1.076","0"
"12/22/2021 16:32:02","12/22/2021 11:02:02","Ezil","Ethash","ETH","49146.48","0.8194","0.8194","0","0.029","0","0.484","0"
"12/22/2021 16:33:06","12/22/2021 11:03:06","Ezil","Ethash","ETH","49097.9","1.8148","1.8148","0","0.063","0","1.073","0"
"12/22/2021 16:34:11","12/22/2021 11:04:11","Ezil","Ethash","ETH","49111.85","1.9348","1.9348","0","0.064","0","1.082","0"
"12/22/2021 16:35:14","12/22/2021 11:05:14","Ezil","Ethash","ETH","49134","1.891","1.891","0","0.065","0","1.058","0"
"12/22/2021 16:36:19","12/22/2021 11:06:19","Ezil","Ethash","ETH","49150.54","1.9146","1.9146","0","0.065","0","1.071","0"
"12/22/2021 16:37:23","12/22/2021 11:07:23","Ezil","Ethash","ETH","49166.64","1.9087","1.9087","0","0.065","0","1.068","0"
"12/22/2021 16:38:39","12/22/2021 11:08:39","2Miners","Ethash","ETH","49184.68","0.8358","0.8358","0","0.028","0","0.453","0"
"12/22/2021 16:39:43","12/22/2021 11:09:43","2Miners","Ethash","ETH","49184.68","1.9755","1.9755","0","0.065","0","1.062","0"
"12/22/2021 16:40:47","12/22/2021 11:10:47","2Miners","Ethash","ETH","49188.34","2.0211","2.0211","0","0.063","0","1.074","0"
"12/22/2021 16:41:51","12/22/2021 11:11:51","2Miners","Ethash","ETH","49188.34","2.0149","2.0149","0","0.063","0","1.06","0"
"12/22/2021 16:42:54","12/22/2021 11:12:54","2Miners","Ethash","ETH","49186.96","2.0232","2.0232","0","0.063","0","1.056","0"
"12/22/2021 16:43:59","12/22/2021 11:13:59","2Miners","Ethash","ETH","49196.52","2.0871","2.0871","0","0.065","0","1.082","0"
"12/22/2021 16:45:03","12/22/2021 11:15:03","2Miners","Ethash","ETH","49224.9","2.0625","2.0625","0","0.064","0","1.064","0"
"12/22/2021 16:46:07","12/22/2021 11:16:07","2Miners","Ethash","ETH","49239.48","2.0593","2.0593","0","0.064","0","1.059","0"
"12/22/2021 16:47:10","12/22/2021 11:17:10","2Miners","Ethash","ETH","49188.72","2.0555","2.0555","0","0.064","0","1.056","0"
"12/22/2021 16:48:14","12/22/2021 11:18:14","2Miners","Ethash","ETH","49188.72","2.0864","2.0864","0","0.065","0","1.071","0"
"12/22/2021 16:49:19","12/22/2021 11:19:19","2Miners","Ethash","ETH","49213.4","2.0945","2.0945","0","0.065","0","1.075","0"
"12/22/2021 16:50:23","12/22/2021 11:20:23","2Miners","Ethash","ETH","49215.7","2.0827","2.0827","0","0.065","0","1.07","0"
"12/22/2021 16:51:27","12/22/2021 11:21:27","2Miners","Ethash","ETH","49179.24","2.0648","2.0648","0","0.064","0","1.061","0"
"12/22/2021 16:52:30","12/22/2021 11:22:30","2Miners","Ethash","ETH","49188.16","2.0689","2.0689","0","0.065","0","1.063","0"
"12/22/2021 16:53:35","12/22/2021 11:23:35","2Miners","Ethash","ETH","49153.58","2.0848","2.0848","0","0.065","0","1.072","0"
"12/22/2021 16:54:39","12/22/2021 11:24:39","2Miners","Ethash","ETH","49153.58","2.0769","2.0769","0","0.065","0","1.068","0"
"12/22/2021 16:55:43","12/22/2021 11:25:43","2Miners","Ethash","ETH","49152.52","2.0789","2.0789","0","0.065","0","1.072","0"
"12/22/2021 16:56:47","12/22/2021 11:26:47","2Miners","Ethash","ETH","49147.4","2.0763","2.0763","0","0.065","0","1.073","0"
"12/22/2021 16:57:53","12/22/2021 11:27:53","2Miners","Ethash","ETH","49147.4","2.1151","2.1151","0","0.067","0","1.093","0"
"12/22/2021 16:58:59","12/22/2021 11:28:59","2Miners","Ethash","ETH","49130.88","2.1219","2.1219","0","0.067","0","1.097","0"
"12/22/2021 17:00:04","12/22/2021 11:30:04","2Miners","Ethash","ETH","49131.8","2.1029","2.1029","0","0.067","0","1.089","0"
"12/22/2021 17:01:10","12/22/2021 11:31:10","2Miners","Ethash","ETH","49083.82","2.1216","2.1216","0","0.067","0","1.1","0"
"12/22/2021 17:02:16","12/22/2021 11:32:16","2Miners","Ethash","ETH","49083.44","2.1188","2.1188","0","0.067","0","1.1","0"
"12/22/2021 17:03:22","12/22/2021 11:33:22","2Miners","Ethash","ETH","49068.36","2.1229","2.1229","0","0.068","0","1.103","0"
"12/22/2021 17:04:30","12/22/2021 11:34:30","2Miners","Ethash","ETH","49051.4","2.1649","2.1649","0","0.069","0","1.126","0"
"12/22/2021 17:05:36","12/22/2021 11:35:36","ZergPoolCoins","HeavyHash","BTC","49085.73","1.0795","1.2267","0","0.026","12","0.468","0"
"12/22/2021 17:06:43","12/22/2021 11:36:43","ZergPoolCoins","HeavyHash","BTC","49064.56","2.7465","3.1211","0","0.062","12","1.117","0"
"12/22/2021 17:07:51","12/22/2021 11:37:51","ZergPoolCoins","HeavyHash","BTC","49064.56","2.8892","3.2832","0","0.063","12","1.123","0"
"12/22/2021 17:08:59","12/22/2021 11:38:59","ZergPoolCoins","HeavyHash","BTC","49082.61","3.0898","3.5112","0","0.064","12","1.148","0"
"12/22/2021 17:10:03","12/22/2021 11:40:03","ZergPoolCoins","HeavyHash","BTC","49082.61","2.6997","3.0679","0","0.06","12","1.061","0"
"12/22/2021 17:24:37","12/22/2021 11:54:37","2Miners","Ethash","ETH","48976.9","0.9236","0.9236","0","0.03","0","0.485","0"
"12/22/2021 17:25:42","12/22/2021 11:55:42","2Miners","Ethash","ETH","48925.5","2.0642","2.0642","0","0.067","0","1.08","0"
"12/22/2021 17:26:46","12/22/2021 11:56:46","2Miners","Ethash","ETH","48938.7","2.052","2.052","0","0.066","0","1.07","0"
"12/22/2021 17:27:51","12/22/2021 11:57:51","2Miners","Ethash","ETH","48938.7","2.0818","2.0818","0","0.067","0","1.083","0"
"12/22/2021 17:28:55","12/22/2021 11:58:55","2Miners","Ethash","ETH","48972.68","2.0448","2.0448","0","0.066","0","1.062","0"
"12/22/2021 17:30:00","12/22/2021 12:00:00","2Miners","Ethash","ETH","49002.66","2.0787","2.0787","0","0.067","0","1.077","0"
"12/22/2021 17:31:05","12/22/2021 12:01:05","ZergPoolCoins","HeavyHash","BTC","48986.74","1.2805","1.4552","0","0.023","12","0.4","0"
"12/22/2021 17:32:09","12/22/2021 12:02:09","ZergPoolCoins","HeavyHash","BTC","49012.62","3.3666","3.8257","0","0.061","12","1.064","0"
"12/22/2021 17:33:13","12/22/2021 12:03:13","ZergPoolCoins","HeavyHash","BTC","49002","3.2739","3.7204","0","0.061","12","1.064","0"
"12/22/2021 17:34:17","12/22/2021 12:04:17","ZergPoolCoins","HeavyHash","BTC","49097.56","3.211","3.6489","0","0.061","12","1.071","0"
"12/22/2021 17:35:21","12/22/2021 12:05:21","ZergPoolCoins","HeavyHash","BTC","49097.56","3.2549","3.6988","0","0.061","12","1.072","0"
"12/22/2021 17:36:25","12/22/2021 12:06:25","ZergPoolCoins","HeavyHash","BTC","49089.8","3.2733","3.7196","0","0.061","12","1.067","0"
"12/22/2021 17:37:29","12/22/2021 12:07:29","ZergPoolCoins","HeavyHash","BTC","49089.8","3.285","3.733","0","0.061","12","1.064","0"
"12/22/2021 17:38:34","12/22/2021 12:08:34","ZergPoolCoins","HeavyHash","BTC","49089.8","3.3499","3.8067","0","0.062","12","1.079","0"
"12/22/2021 17:39:39","12/22/2021 12:09:39","ZergPoolCoins","HeavyHash","BTC","49089.8","3.3124","3.7641","0","0.062","12","1.086","0"
"12/22/2021 17:40:43","12/22/2021 12:10:43","ZpoolCoins","HMQ1725","BTC","49103.92","309.1606","368.0484","0","0.024","16","0.453","0"
"12/22/2021 17:41:48","12/22/2021 12:11:48","2Miners","Ethash","ETH","49100.82","0.8357","0.8357","0","0.026","0","0.42","0"
"12/22/2021 17:42:52","12/22/2021 12:12:52","2Miners","Ethash","ETH","49127.38","2.1419","2.1419","0","0.067","0","1.074","0"
"12/22/2021 17:43:57","12/22/2021 12:13:57","2Miners","Ethash","ETH","49097.16","2.1369","2.1369","0","0.066","0","1.068","0"
"12/22/2021 17:45:04","12/22/2021 12:15:04","2Miners","Ethash","ETH","49097.16","2.2573","2.2573","0","0.07","0","1.125","0"
"12/22/2021 17:46:11","12/22/2021 12:16:11","2Miners","Ethash","ETH","49097.16","2.2585","2.2585","0","0.07","0","1.123","0"
"12/22/2021 17:47:18","12/22/2021 12:17:18","2Miners","Ethash","ETH","49097.16","2.2489","2.2489","0","0.069","0","1.115","0"
"12/22/2021 17:48:26","12/22/2021 12:18:26","2Miners","Ethash","ETH","49097.16","2.2955","2.2955","0","0.07","0","1.129","0"
"12/22/2021 17:49:33","12/22/2021 12:19:33","2Miners","Ethash","ETH","49097.16","2.299","2.299","0","0.07","0","1.122","0"
"12/22/2021 17:50:41","12/22/2021 12:20:41","2Miners","Ethash","ETH","49097.16","2.3232","2.3232","0","0.07","0","1.126","0"
"12/22/2021 17:51:48","12/22/2021 12:21:48","2Miners","Ethash","ETH","49097.16","2.3335","2.3335","0","0.07","0","1.124","0"
"12/22/2021 17:52:57","12/22/2021 12:22:57","2Miners","Ethash","ETH","49097.16","2.3859","2.3859","0","0.071","0","1.144","0"
"12/22/2021 17:54:04","12/22/2021 12:24:04","2Miners","Ethash","ETH","49097.16","2.3284","2.3284","0","0.069","0","1.111","0"
"12/22/2021 17:55:09","12/22/2021 12:25:09","ZpoolCoins","HMQ1725","BTC","49097.16","271.828","323.6048","0","0.021","16","0.399","0"
"12/22/2021 17:56:13","12/22/2021 12:26:13","ZpoolCoins","HMQ1725","BTC","49097.16","725.1299","863.2499","0","0.056","16","1.064","0"
"12/22/2021 17:57:17","12/22/2021 12:27:17","ZpoolCoins","HMQ1725","BTC","49097.16","728.6092","867.3919","0","0.057","16","1.072","0"
"12/22/2021 17:58:21","12/22/2021 12:28:21","ZpoolCoins","HMQ1725","BTC","49097.16","726.6588","865.07","0","0.057","16","1.072","0"
"12/22/2021 17:59:27","12/22/2021 12:29:27","ZpoolCoins","HMQ1725","BTC","49097.16","733.2883","872.9623","0","0.058","16","1.085","0"
"12/22/2021 18:00:31","12/22/2021 12:30:31","ZpoolCoins","HMQ1725","BTC","49097.16","729.5707","868.5365","0","0.058","16","1.082","0"
"12/22/2021 18:01:36","12/22/2021 12:31:36","2Miners","Ethash","ETH","48855.94","0.8982","0.8982","0","0.026","0","0.419","0"
"12/22/2021 18:02:41","12/22/2021 12:32:41","2Miners","Ethash","ETH","48853.38","2.3124","2.3124","0","0.067","0","1.077","0"
"12/22/2021 18:03:45","12/22/2021 12:33:45","2Miners","Ethash","ETH","48853.38","2.3249","2.3249","0","0.067","0","1.08","0"
"12/22/2021 18:04:50","12/22/2021 12:34:50","2Miners","Ethash","ETH","48858.08","2.324","2.324","0","0.067","0","1.079","0"
"12/22/2021 18:05:54","12/22/2021 12:35:54","ZpoolCoins","HMQ1725","BTC","48744.08","267.8263","318.8408","0","0.022","16","0.398","0"
"12/22/2021 18:06:59","12/22/2021 12:36:59","ZpoolCoins","HMQ1725","BTC","48721.64","727.5612","866.1443","0","0.059","16","1.081","0"
"12/22/2021 18:08:04","12/22/2021 12:38:04","ZpoolCoins","HMQ1725","BTC","48683.43","728.2415","866.9541","0","0.059","16","1.082","0"
"12/22/2021 18:09:09","12/22/2021 12:39:09","ZpoolCoins","HMQ1725","BTC","48756.74","725.3096","863.4638","0","0.059","16","1.079","0"
"12/22/2021 18:10:13","12/22/2021 12:40:13","ZpoolCoins","HMQ1725","BTC","48768.1","718.3273","855.1515","0","0.059","16","1.07","0"
"12/22/2021 18:11:18","12/22/2021 12:41:18","ZpoolCoins","HMQ1725","BTC","48722.06","726.2657","864.6021","0","0.06","16","1.083","0"
"12/22/2021 18:12:23","12/22/2021 12:42:23","2Miners","Ethash","ETH","48722.06","0.9033","0.9033","0","0.026","0","0.419","0"
"12/22/2021 18:13:28","12/22/2021 12:43:28","2Miners","Ethash","ETH","48685.72","2.3326","2.3326","0","0.067","0","1.083","0"
"12/22/2021 18:14:33","12/22/2021 12:44:33","2Miners","Ethash","ETH","48714.02","2.3315","2.3315","0","0.067","0","1.084","0"
"12/22/2021 18:15:37","12/22/2021 12:45:37","2Miners","Ethash","ETH","48714.02","2.3128","2.3128","0","0.067","0","1.076","0"
"12/22/2021 18:16:41","12/22/2021 12:46:41","2Miners","Ethash","ETH","48728.01","2.2957","2.2957","0","0.066","0","1.069","0"
"12/22/2021 18:17:45","12/22/2021 12:47:45","2Miners","Ethash","ETH","48749.06","2.2926","2.2926","0","0.066","0","1.065","0"
"12/22/2021 18:18:50","12/22/2021 12:48:50","2Miners","Ethash","ETH","48742.22","2.3132","2.3132","0","0.066","0","1.073","0"
"12/22/2021 18:19:57","12/22/2021 12:49:57","2Miners","Ethash","ETH","48790.38","2.4076","2.4076","0","0.069","0","1.118","0"
"12/22/2021 18:21:04","12/22/2021 12:51:04","2Miners","Ethash","ETH","48756.02","2.4158","2.4158","0","0.07","0","1.124","0"
"12/22/2021 18:22:12","12/22/2021 12:52:12","2Miners","Ethash","ETH","48720.85","2.4086","2.4086","0","0.07","0","1.127","0"
"12/22/2021 18:23:18","12/22/2021 12:53:18","2Miners","Ethash","ETH","48712.88","2.3515","2.3515","0","0.069","0","1.106","0"
"12/22/2021 18:24:23","12/22/2021 12:54:23","2Miners","Ethash","ETH","48734.28","2.282","2.282","0","0.067","0","1.077","0"
"12/22/2021 18:25:28","12/22/2021 12:55:28","ZpoolCoins","HMQ1725","BTC","48734.28","268.3759","319.4951","0","0.022","16","0.4","0"
"12/22/2021 18:26:33","12/22/2021 12:56:33","2Miners","Ethash","ETH","49097.16","0.779","0.779","0","0.022","0","0.368","0"
"12/22/2021 18:27:38","12/22/2021 12:57:38","2Miners","Ethash","ETH","48569.34","2.285","2.285","0","0.064","0","1.084","0"
"12/22/2021 18:28:53","12/22/2021 12:58:53","MiningPoolHub","Ethash","BTC","48569.34","0.7112","0.8082","0","0.027","12","0.436","0"
"12/22/2021 18:29:57","12/22/2021 12:59:57","MiningPoolHub","Ethash","BTC","48552.5","1.7433","1.9811","0","0.066","12","1.07","0"
"12/22/2021 18:31:02","12/22/2021 13:01:02","MiningPoolHub","Ethash","BTC","48552.5","1.756","1.9954","0","0.067","12","1.078","0"
"12/22/2021 18:32:06","12/22/2021 13:02:06","MiningPoolHub","Ethash","BTC","48615.28","1.7516","1.9904","0","0.067","12","1.075","0"
"12/22/2021 18:33:11","12/22/2021 13:03:11","MiningPoolHub","Ethash","BTC","48615.28","1.7596","1.9996","0","0.067","12","1.079","0"
"12/22/2021 18:34:16","12/22/2021 13:04:16","MiningPoolHub","Ethash","BTC","48610.6","1.758","1.9978","0","0.067","12","1.078","0"
"12/22/2021 18:35:20","12/22/2021 13:05:20","MiningPoolHub","Ethash","BTC","48674.1","1.7445","1.9824","0","0.066","12","1.07","0"
"12/22/2021 18:36:24","12/22/2021 13:06:24","MiningPoolHub","Ethash","BTC","48674.1","1.7511","1.9899","0","0.067","12","1.073","0"
"12/22/2021 18:37:29","12/22/2021 13:07:29","MiningPoolHub","Ethash","BTC","48696.67","1.7468","1.985","0","0.066","12","1.071","0"
"12/22/2021 18:38:33","12/22/2021 13:08:33","MiningPoolHub","Ethash","BTC","48696.67","1.7518","1.9907","0","0.067","12","1.074","0"
"12/22/2021 18:39:37","12/22/2021 13:09:37","MiningPoolHub","Ethash","BTC","48683.38","1.7515","1.9903","0","0.067","12","1.073","0"
"12/22/2021 18:40:42","12/22/2021 13:10:42","ZergPoolCoins","HeavyHash","BTC","48761.56","1.1059","1.2568","0","0.028","12","0.487","0"
"12/22/2021 18:41:46","12/22/2021 13:11:46","ZergPoolCoins","HeavyHash","BTC","48780.36","2.5129","2.8556","0","0.061","12","1.07","0"
"12/22/2021 18:42:50","12/22/2021 13:12:50","ZergPoolCoins","HeavyHash","BTC","48676.36","2.5943","2.9481","0","0.061","12","1.07","0"
"12/22/2021 18:43:55","12/22/2021 13:13:55","ZergPoolCoins","HeavyHash","BTC","49097.16","2.6822","3.0479","0","0.062","12","1.076","0"
"12/22/2021 18:44:59","12/22/2021 13:14:59","ZergPoolCoins","HeavyHash","BTC","48763.64","2.7338","3.1065","0","0.061","12","1.072","0"
"12/22/2021 18:46:04","12/22/2021 13:16:04","ZergPoolCoins","HeavyHash","BTC","48741.7","2.799","3.1807","0","0.062","12","1.076","0"
"12/22/2021 18:47:09","12/22/2021 13:17:09","ZergPoolCoins","HeavyHash","BTC","48706.7","2.8514","3.2403","0","0.062","12","1.078","0"
"12/22/2021 18:48:13","12/22/2021 13:18:13","ZergPoolCoins","HeavyHash","BTC","48706.7","2.8828","3.2759","0","0.062","12","1.074","0"
"12/22/2021 18:49:17","12/22/2021 13:19:17","ZergPoolCoins","HeavyHash","BTC","48719.84","2.9157","3.3133","0","0.062","12","1.072","0"
"12/22/2021 18:50:22","12/22/2021 13:20:22","ZergPoolCoins","HeavyHash","BTC","48719.84","2.9719","3.3772","0","0.062","12","1.08","0"
"12/22/2021 18:51:27","12/22/2021 13:21:27","ZergPoolCoins","HeavyHash","BTC","48657.5","2.9937","3.402","0","0.062","12","1.077","0"
"12/22/2021 18:52:32","12/22/2021 13:22:32","ZergPoolCoins","HeavyHash","BTC","48707.34","3.055","3.4716","0","0.063","12","1.088","0"
"12/22/2021 18:53:36","12/22/2021 13:23:36","ZergPoolCoins","HeavyHash","BTC","48707.34","3.0347","3.4486","0","0.062","12","1.073","0"
"12/22/2021 18:54:41","12/22/2021 13:24:41","ZpoolCoins","HMQ1725","BTC","48707.34","290.8612","346.2634","0","0.024","16","0.434","0"
"12/22/2021 18:55:45","12/22/2021 13:25:45","ZpoolCoins","HMQ1725","BTC","49097.16","722.4386","860.0459","0","0.06","16","1.078","0"
"12/22/2021 18:56:50","12/22/2021 13:26:50","ZergPoolCoins","HeavyHash","BTC","49097.16","1.302","1.4795","0","0.026","12","0.451","0"
"12/22/2021 18:57:54","12/22/2021 13:27:54","ZergPoolCoins","HeavyHash","BTC","48673.62","3.1456","3.5745","0","0.062","12","1.075","0"
"12/22/2021 18:58:59","12/22/2021 13:28:59","ZergPoolCoins","HeavyHash","BTC","48623.34","3.1825","3.6165","0","0.062","12","1.075","0"
"12/22/2021 19:00:03","12/22/2021 13:30:03","ZergPoolCoins","HeavyHash","BTC","48623.34","3.209","3.6466","0","0.062","12","1.073","0"
"12/22/2021 19:01:08","12/22/2021 13:31:08","ZergPoolCoins","HeavyHash","BTC","48601.5","3.2662","3.7116","0","0.063","12","1.082","0"
"12/22/2021 19:02:13","12/22/2021 13:32:13","ZergPoolCoins","HeavyHash","BTC","48601.5","3.2586","3.703","0","0.063","12","1.08","0"
"12/22/2021 19:03:18","12/22/2021 13:33:18","ZergPoolCoins","HeavyHash","BTC","48502.9","3.2636","3.7086","0","0.063","12","1.082","0"
"12/22/2021 19:04:21","12/22/2021 13:34:21","ZergPoolCoins","HeavyHash","BTC","48502.9","3.1909","3.626","0","0.061","12","1.058","0"
"12/22/2021 19:05:25","12/22/2021 13:35:25","ZergPoolCoins","HeavyHash","BTC","48502.9","3.2116","3.6496","0","0.062","12","1.071","0"
"12/22/2021 19:06:30","12/22/2021 13:36:30","ZergPoolCoins","HeavyHash","BTC","48573.06","3.1974","3.6334","0","0.062","12","1.072","0"
"12/22/2021 19:07:34","12/22/2021 13:37:34","ZergPoolCoins","HeavyHash","BTC","48480","3.1717","3.6042","0","0.063","12","1.077","0"
"12/22/2021 19:08:39","12/22/2021 13:38:39","ZergPoolCoins","HeavyHash","BTC","48517.32","3.1206","3.5461","0","0.062","12","1.072","0"
"12/22/2021 19:09:44","12/22/2021 13:39:44","ZergPoolCoins","HeavyHash","BTC","48517.32","3.1244","3.5505","0","0.063","12","1.084","0"
"12/22/2021 19:10:48","12/22/2021 13:40:48","ZergPoolCoins","HeavyHash","BTC","48517.32","3.0749","3.4942","0","0.063","12","1.077","0"
"12/22/2021 19:11:53","12/22/2021 13:41:53","ZpoolCoins","HMQ1725","BTC","48517.32","312.8311","372.418","0","0.026","16","0.466","0"
"12/22/2021 19:12:56","12/22/2021 13:42:56","ZpoolCoins","HMQ1725","BTC","49097.16","713.2603","849.1194","0","0.059","16","1.061","0"
"12/22/2021 19:14:00","12/22/2021 13:44:00","ZergPoolCoins","HeavyHash","BTC","49097.16","1.2969","1.4737","0","0.027","12","0.464","0"
"12/22/2021 19:15:07","12/22/2021 13:45:07","ZergPoolCoins","HeavyHash","BTC","49097.16","3.099","3.5216","0","0.065","12","1.117","0"
"12/22/2021 19:16:19","12/22/2021 13:46:19","ZpoolCoins","HMQ1725","BTC","49097.16","252.1414","300.1683","0","0.021","16","0.375","0"
"12/22/2021 19:17:27","12/22/2021 13:47:27","ZpoolCoins","HMQ1725","BTC","48528.6","764.8409","910.5249","0","0.063","16","1.136","0"
"12/22/2021 19:18:42","12/22/2021 13:48:42","ZergPoolCoins","HeavyHash","BTC","48519.36","1.0499","1.193","0","0.022","12","0.384","0"
"12/22/2021 19:20:06","12/22/2021 13:50:06","ZergPoolCoins","HeavyHash","BTC","48519.36","3.8104","4.33","0","0.082","12","1.4","0"
"12/22/2021 19:21:27","12/22/2021 13:51:27","ZergPoolCoins","HeavyHash","BTC","49097.16","3.676","4.1772","0","0.079","12","1.353","0"
"12/22/2021 19:22:58","12/22/2021 13:52:58","MiningPoolHub","Ethash","BTC","49097.16","0.602","0.6841","0","0.023","12","0.371","0"
"12/22/2021 19:24:28","12/22/2021 13:54:28","MiningPoolHub","Ethash","BTC","48586.4","2.441","2.7739","0","0.093","12","1.504","0"
"12/22/2021 19:25:55","12/22/2021 13:55:55","MiningPoolHub","Ethash","BTC","48586.4","2.3336","2.6518","0","0.089","12","1.438","0"
"12/22/2021 19:27:34","12/22/2021 13:57:34","MiningPoolHub","Ethash","BTC","48555.2","0.612","0.6954","0","0.022","12","0.382","0"
"12/22/2021 19:29:13","12/22/2021 13:59:13","MiningPoolHub","Ethash","BTC","48570.66","2.6444","3.005","0","0.097","12","1.649","0"
"12/22/2021 19:30:36","12/22/2021 14:00:36","MiningPoolHub","Ethash","BTC","49097.16","2.2195","2.5222","0","0.081","12","1.384","0"
"12/22/2021 19:32:08","12/22/2021 14:02:08","unMineable","Ethash","ETH","48583.22","0.5374","0.5374","0","0.022","0","0.37","0"
"12/22/2021 19:33:30","12/22/2021 14:03:30","unMineable","Ethash","ETH","48583.22","1.9738","1.9738","0","0.08","0","1.359","0"
"12/22/2021 19:35:01","12/22/2021 14:05:01","unMineable","Ethash","ETH","49097.16","0.5686","0.5686","0","0.023","0","0.392","0"
"12/22/2021 19:36:40","12/22/2021 14:06:40","unMineable","Ethash","ETH","49097.16","0.4893","0.4893","0","0.025","0","0.382","0"
"12/22/2021 19:38:05","12/22/2021 14:08:05","unMineable","Ethash","ETH","49097.16","1.8008","1.8008","0","0.091","0","1.407","0"
"12/22/2021 19:39:33","12/22/2021 14:09:33","unMineable","Ethash","ETH","49097.16","1.8922","1.8922","0","0.095","0","1.478","0"
"12/22/2021 19:41:08","12/22/2021 14:11:08","ZergPoolCoins","MegaBTX","BTC","49097.16","0.4674","0.5312","0","0.021","12","0.383","0"
"12/22/2021 19:42:39","12/22/2021 14:12:39","ZergPoolCoins","MegaBTX","BTC","49097.16","1.849","2.1011","0","0.082","12","1.515","0"
"12/22/2021 19:44:08","12/22/2021 14:14:08","ZergPoolCoins","MegaBTX","BTC","49097.16","1.7943","2.039","0","0.08","12","1.47","0"
"12/22/2021 19:45:46","12/22/2021 14:15:46","ZergPoolCoins","Argon2dDyn","BTC","49097.16","0.5139","0.584","0","0.022","12","0.393","0"
"12/22/2021 19:47:18","12/22/2021 14:17:18","ZpoolCoins","HMQ1725","BTC","49097.16","249.0834","296.5278","0","0.021","16","0.37","0"
"12/22/2021 19:48:50","12/22/2021 14:18:50","ZpoolCoins","HMQ1725","BTC","49097.16","1037.0884","1234.629","0","0.086","16","1.544","0"
"12/22/2021 19:50:11","12/22/2021 14:20:11","ZpoolCoins","HMQ1725","BTC","49097.16","906.8152","1079.5419","0","0.075","16","1.351","0"
"12/22/2021 19:51:55","12/22/2021 14:21:55","ZpoolCoins","HMQ1725","BTC","48717.8","258.0248","307.1724","0","0.015","16","0.411","0"
"12/22/2021 19:53:34","12/22/2021 14:23:34","WoolyPooly","ProgPowVeil","VEIL","49097.16","0.4639","0.4639","0","0.008","0","0.397","0"
"12/22/2021 19:55:10","12/22/2021 14:25:10","MiningPoolHub","Ethash","BTC","49097.16","0.6385","0.7255","0","0.025","12","0.394","0"
"12/22/2021 19:56:38","12/22/2021 14:26:38","MiningPoolHub","Ethash","BTC","49097.16","2.3964","2.7231","0","0.092","12","1.48","0"
"12/22/2021 19:58:15","12/22/2021 14:28:15","MiningPoolHub","Ethash","BTC","49097.16","2.6009","2.9556","0","0.1","12","1.607","0"
"12/22/2021 19:59:56","12/22/2021 14:29:56","MiningPoolHub","Ethash","BTC","49097.16","0.6086","0.6916","0","0.022","12","0.38","0"
"12/22/2021 20:01:37","12/22/2021 14:31:37","MiningPoolHub","Ethash","BTC","49097.16","2.7231","3.0944","0","0.1","12","1.699","0"
"12/22/2021 20:03:03","12/22/2021 14:33:03","MiningPoolHub","Ethash","BTC","49097.16","2.2788","2.5896","0","0.083","12","1.42","0"
"12/22/2021 20:04:40","12/22/2021 14:34:40","WoolyPooly","ProgPowVeil","VEIL","49097.16","0.4647","0.4647","0","0.019","0","0.384","0"
"12/22/2021 20:06:04","12/22/2021 14:36:04","unMineable","Ethash","ETH","49097.16","0.5692","0.5692","0","0.023","0","0.396","0"
"12/22/2021 20:07:31","12/22/2021 14:37:31","unMineable","Ethash","ETH","49097.16","2.0907","2.0907","0","0.085","0","1.455","0"
"12/22/2021 20:09:01","12/22/2021 14:39:01","unMineable","Ethash","ETH","49097.16","0.5574","0.5574","0","0.023","0","0.388","0"
"12/22/2021 20:10:44","12/22/2021 14:40:44","unMineable","Ethash","ETH","49097.16","0.4956","0.4956","0","0.025","0","0.391","0"
"12/22/2021 20:12:18","12/22/2021 14:42:18","unMineable","Ethash","ETH","49097.16","1.9862","1.9862","0","0.101","0","1.568","0"
"12/22/2021 20:13:58","12/22/2021 14:43:58","ZpoolCoins","GLTJeongHash","BTC","49097.16","0.6819","0.8117","0","0.024","16","0.381","0"
"12/22/2021 20:15:20","12/22/2021 14:45:20","ZpoolCoins","GLTJeongHash","BTC","49097.16","2.57","3.0596","0","0.086","16","1.357","0"
"12/22/2021 20:16:50","12/22/2021 14:46:50","ZpoolCoins","GLTJeongHash","BTC","49097.16","2.9079","3.4618","0","0.095","16","1.501","0"
"12/22/2021 20:18:26","12/22/2021 14:48:26","unMineable","Ethash","ETH","49097.16","0.4934","0.4934","0","0.025","0","0.39","0"
"12/22/2021 20:19:52","12/22/2021 14:49:52","unMineable","Ethash","ETH","49097.16","1.8255","1.8255","0","0.093","0","1.442","0"
"12/22/2021 20:21:20","12/22/2021 14:51:20","unMineable","Ethash","ETH","49097.16","1.8597","1.8597","0","0.095","0","1.469","0"
"12/22/2021 20:22:52","12/22/2021 14:52:52","WoolyPooly","ProgPowVeil","VEIL","49097.16","0.4665","0.4665","0","0.021","0","0.383","0"
"12/22/2021 20:24:03","12/22/2021 14:54:03","WoolyPooly","ProgPowVeil","VEIL","49097.16","1.4531","1.4531","0","0.067","0","1.191","0"
"12/22/2021 20:25:08","12/22/2021 14:55:08","WoolyPooly","ProgPowVeil","VEIL","48845.7","1.3295","1.3295","0","0.058","0","1.088","0"
"12/22/2021 20:26:13","12/22/2021 14:56:13","WoolyPooly","ProgPowVeil","VEIL","48831.64","1.3122","1.3122","0","0.057","0","1.074","0"
"12/22/2021 20:27:18","12/22/2021 14:57:18","WoolyPooly","ProgPowVeil","VEIL","49097.16","1.2885","1.2885","0","0.05","0","1.08","0"
"12/22/2021 20:28:26","12/22/2021 14:58:26","WoolyPooly","ProgPowVeil","VEIL","49097.16","1.3659","1.3659","0","0.047","0","1.148","0"
"12/22/2021 20:29:34","12/22/2021 14:59:34","MiningPoolHub","Ethash","BTC","49097.16","0.661","0.7512","0","0.025","12","0.405","0"
"12/22/2021 20:30:42","12/22/2021 15:00:42","MiningPoolHub","Ethash","BTC","48890.19","1.852","2.1045","0","0.071","12","1.135","0"
"12/22/2021 20:31:50","12/22/2021 15:01:50","MiningPoolHub","Ethash","BTC","48809.68","1.8318","2.0815","0","0.07","12","1.127","0"
"12/22/2021 20:32:57","12/22/2021 15:02:57","MiningPoolHub","Ethash","BTC","49097.16","1.8298","2.0793","0","0.07","12","1.129","0"
"12/22/2021 20:34:04","12/22/2021 15:04:04","MiningPoolHub","Ethash","BTC","48874.2","1.81","2.0568","0","0.069","12","1.12","0"
"12/22/2021 20:35:11","12/22/2021 15:05:11","MiningPoolHub","Ethash","BTC","48874.2","1.7949","2.0396","0","0.069","12","1.114","0"
"12/22/2021 20:36:22","12/22/2021 15:06:22","ZpoolCoins","HMQ1725","BTC","48851.82","253.1663","301.3885","0","0.021","16","0.369","0"
"12/22/2021 20:37:27","12/22/2021 15:07:27","ZpoolCoins","HMQ1725","BTC","49097.16","756.8809","901.0487","0","0.06","16","1.086","0"
"12/22/2021 20:38:34","12/22/2021 15:08:34","ZpoolCoins","HMQ1725","BTC","48785.8","789.3097","939.6544","0","0.063","16","1.126","0"
"12/22/2021 20:39:41","12/22/2021 15:09:41","ZpoolCoins","HMQ1725","BTC","48771.66","785.8231","935.5037","0","0.063","16","1.115","0"
"12/22/2021 20:40:48","12/22/2021 15:10:48","ZpoolCoins","HMQ1725","BTC","48771.66","790.5087","941.0818","0","0.063","16","1.117","0"
"12/22/2021 20:41:56","12/22/2021 15:11:56","ZpoolCoins","HMQ1725","BTC","48743.24","798.6684","950.7958","0","0.063","16","1.124","0"
"12/22/2021 20:43:03","12/22/2021 15:13:03","MiningPoolHub","Ethash","BTC","48750","0.6516","0.7405","0","0.024","12","0.403","0"
"12/22/2021 20:44:11","12/22/2021 15:14:11","MiningPoolHub","Ethash","BTC","48750","1.8268","2.076","0","0.066","12","1.129","0"
"12/22/2021 20:45:19","12/22/2021 15:15:19","MiningPoolHub","Ethash","BTC","49097.16","1.8338","2.0839","0","0.067","12","1.133","0"
"12/22/2021 20:46:27","12/22/2021 15:16:27","MiningPoolHub","Ethash","BTC","49097.16","0.5937","0.6747","0","0.022","12","0.367","0"
"12/22/2021 20:47:34","12/22/2021 15:17:34","MiningPoolHub","Ethash","BTC","48792.87","1.7882","2.0321","0","0.065","12","1.106","0"
"12/22/2021 20:48:40","12/22/2021 15:18:40","MiningPoolHub","Ethash","BTC","49097.16","1.7974","2.0425","0","0.065","12","1.113","0"
"12/22/2021 20:49:49","12/22/2021 15:19:49","unMineable","Ethash","ETH","49097.16","0.5254","0.5254","0","0.023","0","0.371","0"
"12/22/2021 20:50:55","12/22/2021 15:20:55","unMineable","Ethash","ETH","49097.16","1.5592","1.5592","0","0.068","0","1.1","0"
"12/22/2021 20:52:04","12/22/2021 15:22:04","unMineable","Ethash","ETH","49097.16","1.6144","1.6144","0","0.071","0","1.142","0"
"12/22/2021 20:53:13","12/22/2021 15:23:13","ZpoolCoins","X12","BTC","49097.16","1.1333","1.3492","0","0.019","16","0.365","0"
"12/22/2021 20:54:18","12/22/2021 15:24:18","ZpoolCoins","X12","BTC","49097.16","3.3876","4.0328","0","0.057","16","1.091","0"
"12/22/2021 20:55:24","12/22/2021 15:25:24","ZpoolCoins","HMQ1725","BTC","49097.16","271.7896","323.559","0","0.022","16","0.384","0"
"12/22/2021 20:56:29","12/22/2021 15:26:29","ZpoolCoins","HMQ1725","BTC","49097.16","768.0021","914.2882","0","0.061","16","1.087","0"
"12/22/2021 20:57:33","12/22/2021 15:27:33","ZpoolCoins","X12","BTC","49097.16","1.0738","1.2784","0","0.024","16","0.402","0"
"12/22/2021 20:58:38","12/22/2021 15:28:38","ZpoolCoins","X12","BTC","49097.16","2.872","3.4191","0","0.059","16","1.08","0"
"12/22/2021 20:59:43","12/22/2021 15:29:43","ZpoolCoins","X12","BTC","49097.16","2.4129","2.8726","0","0.062","16","1.082","0"
"12/22/2021 21:00:48","12/22/2021 15:30:48","ZpoolCoins","X12","BTC","48806.04","2.0765","2.472","0","0.062","16","1.081","0"
"12/22/2021 21:01:53","12/22/2021 15:31:53","ZpoolCoins","HMQ1725","BTC","49097.16","283.6159","337.638","0","0.023","16","0.403","0"
"12/22/2021 21:02:58","12/22/2021 15:32:58","ZpoolCoins","HMQ1725","BTC","49097.16","757.6722","901.9907","0","0.061","16","1.081","0"
"12/22/2021 21:04:03","12/22/2021 15:34:03","ZpoolCoins","HMQ1725","BTC","49097.16","756.5451","900.6489","0","0.061","16","1.084","0"
"12/22/2021 21:05:08","12/22/2021 15:35:08","ZpoolCoins","HMQ1725","BTC","49097.16","750.5658","893.5307","0","0.061","16","1.08","0"
"12/22/2021 21:06:13","12/22/2021 15:36:13","unMineable","Ethash","ETH","49097.16","0.5517","0.5517","0","0.024","0","0.391","0"
"12/22/2021 21:07:18","12/22/2021 15:37:18","unMineable","Ethash","ETH","49097.16","1.526","1.526","0","0.067","0","1.081","0"
"12/22/2021 21:08:23","12/22/2021 15:38:23","unMineable","Ethash","ETH","49097.16","1.528","1.528","0","0.067","0","1.083","0"
"12/22/2021 21:09:36","12/22/2021 15:39:36","unMineable","Ethash","ETH","49097.16","0.4642","0.4642","0","0.024","0","0.37","0"
"12/22/2021 21:10:41","12/22/2021 15:40:41","unMineable","Ethash","ETH","49097.16","1.3579","1.3579","0","0.07","0","1.082","0"
"12/22/2021 21:11:47","12/22/2021 15:41:47","unMineable","Ethash","ETH","49097.16","1.3728","1.3728","0","0.071","0","1.094","0"
"12/22/2021 21:12:52","12/22/2021 15:42:52","MiningPoolHub","Ethash","BTC","49097.16","0.626","0.7113","0","0.023","12","0.388","0"
"12/22/2021 21:13:57","12/22/2021 15:43:57","MiningPoolHub","Ethash","BTC","49097.16","1.7612","2.0014","0","0.064","12","1.091","0"
"12/22/2021 21:15:02","12/22/2021 15:45:02","MiningPoolHub","Ethash","BTC","48914.32","1.7524","1.9913","0","0.064","12","1.085","0"
"12/22/2021 21:16:09","12/22/2021 15:46:09","MiningPoolHub","Ethash","BTC","49097.16","0.597","0.6784","0","0.022","12","0.37","0"
"12/22/2021 21:17:14","12/22/2021 15:47:14","MiningPoolHub","Ethash","BTC","49097.16","1.7552","1.9946","0","0.064","12","1.087","0"
"12/22/2021 21:18:19","12/22/2021 15:48:19","MiningPoolHub","Ethash","BTC","49097.16","1.7502","1.9888","0","0.064","12","1.083","0"
"12/22/2021 21:19:28","12/22/2021 15:49:28","ZpoolCoins","HMQ1725","BTC","49097.16","269.3813","320.6921","0","0.021","16","0.368","0"
"12/22/2021 21:20:32","12/22/2021 15:50:32","ZpoolCoins","HMQ1725","BTC","49097.16","827.7459","985.4118","0","0.061","16","1.08","0"
"12/22/2021 21:21:37","12/22/2021 15:51:37","ZpoolCoins","HMQ1725","BTC","49097.16","861.0624","1025.0743","0","0.061","16","1.082","0"
"12/22/2021 21:22:43","12/22/2021 15:52:43","ZpoolCoins","HMQ1725","BTC","49097.16","893.908","1064.1762","0","0.062","16","1.089","0"
"12/22/2021 21:23:46","12/22/2021 15:53:46","ZpoolCoins","HMQ1725","BTC","49097.16","895.1095","1065.6065","0","0.06","16","1.062","0"
"12/22/2021 21:24:51","12/22/2021 15:54:51","MiningPoolHubCoins","KawPOW","BTC","49097.16","0.5172","0.5172","0","0.024","0","0.407","0"
"12/22/2021 21:25:58","12/22/2021 15:55:58","MiningPoolHubCoins","KawPOW","BTC","49097.16","1.4249","1.4249","0","0.067","0","1.119","0"
"12/22/2021 21:27:06","12/22/2021 15:57:06","MiningPoolHubCoins","KawPOW","BTC","49097.16","0.5005","0.5005","0","0.025","0","0.401","0"
"12/22/2021 21:28:13","12/22/2021 15:58:13","MiningPoolHubCoins","KawPOW","BTC","49097.16","1.3953","1.3953","0","0.071","0","1.117","0"
"12/22/2021 21:29:21","12/22/2021 15:59:21","MiningPoolHubCoins","KawPOW","BTC","49097.16","0.5004","0.5004","0","0.025","0","0.402","0"
"12/22/2021 21:30:28","12/22/2021 16:00:28","MiningPoolHubCoins","KawPOW","BTC","48894.26","1.4069","1.4069","0","0.069","0","1.131","0"
"12/22/2021 21:31:37","12/22/2021 16:01:37","WoolyPooly","ProgPowVeil","VEIL","49097.16","0.4652","0.4652","0","0.014","0","0.388","0"
"12/22/2021 21:32:45","12/22/2021 16:02:45","WoolyPooly","ProgPowVeil","VEIL","49097.16","1.3521","1.3521","0","0.04","0","1.124","0"
"12/22/2021 21:33:53","12/22/2021 16:03:53","WoolyPooly","ProgPowVeil","VEIL","49097.16","1.36","1.36","0","0.038","0","1.134","0"
"12/22/2021 21:34:57","12/22/2021 16:04:57","unMineable","Ethash","XMR","49097.16","0.5967","0.5967","0","0.026","0","0.422","0"
"12/22/2021 21:36:05","12/22/2021 16:06:05","ZpoolCoins","HMQ1725","BTC","49097.16","309.1659","368.0547","0","0.021","16","0.37","0"
"12/22/2021 21:37:09","12/22/2021 16:07:09","ZpoolCoins","HMQ1725","BTC","49097.16","878.4809","1045.8106","0","0.06","16","1.06","0"
"12/22/2021 21:38:56","12/22/2021 16:08:56","unMineable","Ethash","XMR","48807.88","0.612","0.612","0","0.027","0","0.433","0"
"12/22/2021 21:40:03","12/22/2021 16:10:03","unMineable","Ethash","XMR","48800","1.583","1.583","0","0.069","0","1.12","0"
"12/22/2021 21:41:08","12/22/2021 16:11:08","MiningPoolHub","Ethash","BTC","49097.16","0.5908","0.6714","0","0.022","12","0.367","0"
"12/22/2021 21:42:13","12/22/2021 16:12:13","MiningPoolHub","Ethash","BTC","49097.16","1.7444","1.9823","0","0.064","12","1.084","0"
"12/22/2021 21:43:18","12/22/2021 16:13:18","MiningPoolHub","Ethash","BTC","49097.16","1.7524","1.9913","0","0.064","12","1.088","0"
"12/22/2021 21:44:23","12/22/2021 16:14:23","MiningPoolHub","Ethash","BTC","49097.16","0.6256","0.7109","0","0.023","12","0.389","0"
"12/22/2021 21:45:28","12/22/2021 16:15:28","MiningPoolHub","Ethash","BTC","49196.39","1.7527","1.9917","0","0.064","12","1.089","0"
"12/22/2021 21:46:34","12/22/2021 16:16:34","MiningPoolHub","Ethash","BTC","49097.16","1.7603","2.0004","0","0.064","12","1.093","0"
"12/22/2021 21:49:18","12/22/2021 16:19:18","unMineable","Ethash","ETH","49097.16","0.6447","0.6447","0","0.028","0","0.456","0"
"12/22/2021 21:50:22","12/22/2021 16:20:22","unMineable","Ethash","ETH","49097.16","1.5052","1.5052","0","0.066","0","1.066","0"
"12/22/2021 21:51:26","12/22/2021 16:21:26","unMineable","Ethash","ETH","49097.16","0.4888","0.4888","0","0.025","0","0.389","0"
"12/22/2021 21:52:32","12/22/2021 16:22:32","unMineable","Ethash","ETH","49097.16","1.3906","1.3906","0","0.071","0","1.106","0"
"12/22/2021 21:53:38","12/22/2021 16:23:38","ZpoolCoins","X25x","BTC","49097.16","0.6326","0.7531","0","0.021","16","0.38","0"
"12/22/2021 21:54:42","12/22/2021 16:24:42","unMineable","Ethash","ETH","49097.16","0.5424","0.5424","0","0.028","0","0.431","0"
"12/22/2021 21:55:47","12/22/2021 16:25:47","unMineable","Ethash","ETH","49097.16","1.3504","1.3504","0","0.069","0","1.074","0"
"12/22/2021 21:56:52","12/22/2021 16:26:52","unMineable","Ethash","ETH","49097.16","1.3687","1.3687","0","0.07","0","1.088","0"
"12/22/2021 21:57:56","12/22/2021 16:27:56","WoolyPooly","ProgPowVeil","VEIL","49097.16","0.4655","0.4655","0","0.012","0","0.387","0"
"12/22/2021 21:59:02","12/22/2021 16:29:02","WoolyPooly","ProgPowVeil","VEIL","49097.16","1.3103","1.3103","0","0.034","0","1.088","0"
"12/22/2021 22:00:07","12/22/2021 16:30:07","WoolyPooly","ProgPowVeil","VEIL","49097.16","1.3102","1.3102","0","0.033","0","1.084","0"
"12/22/2021 22:01:12","12/22/2021 16:31:12","WoolyPooly","ProgPowVeil","VEIL","49097.16","1.3133","1.3133","0","0.032","0","1.087","0"
"12/22/2021 22:02:16","12/22/2021 16:32:16","WoolyPooly","ProgPowVeil","VEIL","48982.9","1.2948","1.2948","0","0.031","0","1.076","0"
"12/22/2021 22:03:21","12/22/2021 16:33:21","ZpoolCoins","HMQ1725","BTC","49027.2","312.7933","372.373","0","0.022","16","0.385","0"
"12/22/2021 22:04:27","12/22/2021 16:34:27","ZpoolCoins","HMQ1725","BTC","49097.16","866.9911","1032.1323","0","0.062","16","1.087","0"
"12/22/2021 22:05:32","12/22/2021 16:35:32","WoolyPooly","ProgPowVeil","VEIL","49097.16","0.5073","0.5073","0","0.012","0","0.421","0"
"12/22/2021 22:06:37","12/22/2021 16:36:37","WoolyPooly","ProgPowVeil","VEIL","49097.16","1.2995","1.2995","0","0.03","0","1.076","0"
"12/22/2021 22:07:44","12/22/2021 16:37:44","WoolyPooly","ProgPowVeil","VEIL","49097.16","1.3562","1.3562","0","0.03","0","1.121","0"
"12/22/2021 22:08:52","12/22/2021 16:38:52","MiningPoolHub","Ethash","BTC","49097.16","0.6879","0.7817","0","0.025","12","0.423","0"
"12/22/2021 22:10:00","12/22/2021 16:40:00","MiningPoolHub","Ethash","BTC","49097.16","1.8445","2.096","0","0.067","12","1.134","0"
"12/22/2021 22:11:08","12/22/2021 16:41:08","MiningPoolHub","Ethash","BTC","49097.16","1.8512","2.1036","0","0.067","12","1.138","0"
"12/22/2021 22:12:14","12/22/2021 16:42:14","MiningPoolHub","Ethash","BTC","49097.16","0.5979","0.6794","0","0.022","12","0.368","0"
"12/22/2021 22:13:22","12/22/2021 16:43:22","MiningPoolHub","Ethash","BTC","49097.16","1.8397","2.0905","0","0.066","12","1.13","0"
"12/22/2021 22:14:27","12/22/2021 16:44:27","MiningPoolHub","Ethash","BTC","49097.16","1.754","1.9931","0","0.063","12","1.077","0"
"12/22/2021 22:15:31","12/22/2021 16:45:31","unMineable","Ethash","XMR","49097.16","0.5551","0.5551","0","0.024","0","0.391","0"
"12/22/2021 22:16:37","12/22/2021 16:46:37","ZpoolCoins","HMQ1725","BTC","49097.16","288.0751","342.9466","0","0.021","16","0.368","0"
"12/22/2021 22:17:41","12/22/2021 16:47:41","ZpoolCoins","HMQ1725","BTC","49012.13","828.9455","986.8398","0","0.061","16","1.077","0"
"12/22/2021 22:18:47","12/22/2021 16:48:47","unMineable","Ethash","XMR","48993.32","0.5301","0.5301","0","0.023","0","0.374","0"
"12/22/2021 22:19:53","12/22/2021 16:49:53","unMineable","Ethash","XMR","49097.16","1.5444","1.5444","0","0.067","0","1.089","0"
"12/22/2021 22:21:00","12/22/2021 16:51:00","ZpoolCoins","HMQ1725","BTC","48934.48","275.8717","328.4186","0","0.021","16","0.365","0"
"12/22/2021 22:22:05","12/22/2021 16:52:05","ZpoolCoins","HMQ1725","BTC","48933.56","803.2768","956.2819","0","0.062","16","1.082","0"
"12/22/2021 22:23:13","12/22/2021 16:53:13","unMineable","Ethash","XMR","48933.56","0.5264","0.5264","0","0.023","0","0.371","0"
"12/22/2021 22:24:18","12/22/2021 16:54:18","unMineable","Ethash","XMR","48965.42","1.5469","1.5469","0","0.067","0","1.09","0"
"12/22/2021 22:25:22","12/22/2021 16:55:22","unMineable","Ethash","XMR","48970.56","1.5214","1.5214","0","0.066","0","1.073","0"
"12/22/2021 22:26:27","12/22/2021 16:56:27","unMineable","Ethash","XMR","48970.56","1.5297","1.5297","0","0.067","0","1.08","0"
"12/22/2021 22:27:32","12/22/2021 16:57:32","unMineable","Ethash","XMR","49006.92","1.5236","1.5236","0","0.067","0","1.078","0"
"12/22/2021 22:28:37","12/22/2021 16:58:37","unMineable","Ethash","XMR","48989.51","1.526","1.526","0","0.067","0","1.081","0"
"12/22/2021 22:29:41","12/22/2021 16:59:41","unMineable","Ethash","XMR","48989.51","1.4979","1.4979","0","0.066","0","1.062","0"
"12/22/2021 22:30:45","12/22/2021 17:00:45","unMineable","Ethash","XMR","49002.22","1.5209","1.5209","0","0.067","0","1.08","0"
"12/22/2021 22:31:50","12/22/2021 17:01:50","unMineable","Ethash","XMR","49018.62","1.5061","1.5061","0","0.066","0","1.071","0"
"12/22/2021 22:32:54","12/22/2021 17:02:54","ZpoolCoins","HMQ1725","BTC","49018.62","283.1431","337.0751","0","0.022","16","0.387","0"
"12/22/2021 22:33:59","12/22/2021 17:03:59","ZpoolCoins","HMQ1725","BTC","49059.92","778.1283","926.3433","0","0.062","16","1.077","0"
"12/22/2021 22:35:03","12/22/2021 17:05:03","ZpoolCoins","HMQ1725","BTC","49059.92","764.9948","910.7081","0","0.062","16","1.072","0"
"12/22/2021 22:36:08","12/22/2021 17:06:08","ZpoolCoins","HMQ1725","BTC","49063.02","762.288","907.4857","0","0.062","16","1.08","0"
"12/22/2021 22:37:13","12/22/2021 17:07:13","ZpoolCoins","HMQ1725","BTC","49063.02","757.8997","902.2616","0","0.063","16","1.085","0"
"12/22/2021 22:38:18","12/22/2021 17:08:18","ZpoolCoins","HMQ1725","BTC","49088.08","749.2169","891.9249","0","0.062","16","1.082","0"
"12/22/2021 22:39:23","12/22/2021 17:09:23","MiningPoolHub","Ethash","BTC","49088.08","0.7132","0.8105","0","0.026","12","0.438","0"
"12/22/2021 22:40:29","12/22/2021 17:10:29","MiningPoolHub","Ethash","BTC","49060.7","1.7845","2.0279","0","0.064","12","1.095","0"
